{
  "run_id": "20260127_234838",
  "config": {
    "atl_type": "distributed",
    "temperature": 0.5,
    "n_concepts": 200,
    "visual_input_size": 56,
    "held_out_color": "green"
  },
  "training": {
    "binding_qualities": [
      0.9385104555636644,
      0.9385104555636644,
      0.9385104555636644,
      0.9385104555636644,
      0.9385104555636644,
      0.9385104555636644,
      0.9385104555636644,
      0.9385104555636644,
      0.9385104555636644,
      0.9385104555636644
    ],
    "kl_divergences": [
      0.06359288331121206,
      0.06359288331121206,
      0.06359288331121206,
      0.06359288331121206,
      0.06359288331121206,
      0.06359288331121206,
      0.06359288331121206,
      0.06359288331121206,
      0.06359288331121206,
      0.06359288331121206
    ]
  },
  "evaluation": {
    "train_pattern_similarity": 0.9385104555636644,
    "held_out_pattern_similarity": 0.9373109148442745,
    "gap": 0.00119954071938988
  },
  "stats": {
    "active_concepts": 0,
    "activation_entropy": 0.0,
    "mean_lr": 0.009999999776482582
  }
}