{
  "run_id": "seed999_20260128_000538",
  "config": {
    "atl_type": "distributed",
    "seed": 999,
    "temperature": 0.2,
    "n_concepts": 200,
    "visual_input_size": 56,
    "held_out_color": "green"
  },
  "training": {
    "binding_qualities": [
      0.7061825634539127,
      0.704753417596221,
      0.7033602406084537,
      0.7020579655468464,
      0.7008609638363122,
      0.6997609566152095,
      0.6988074276596308,
      0.6980001014471054,
      0.6973075813055039,
      0.6967250938713551
    ],
    "kl_divergences": [
      0.35713975097984074,
      0.3582156838849187,
      0.35931642148643733,
      0.3603315133228898,
      0.3612964148633182,
      0.36217954408377406,
      0.362981795668602,
      0.3636486801691353,
      0.3642582777887583,
      0.36477921064943075
    ]
  },
  "evaluation": {
    "train_pattern_similarity": 0.6964682592451572,
    "held_out_pattern_similarity": 0.6471297223865986,
    "gap": 0.0493385368585586
  },
  "stats": {
    "active_concepts": 118,
    "activation_entropy": 4.241476058959961,
    "mean_lr": 0.007508816663175821
  }
}