{
  "run_id": "seed42_20260128_000330",
  "config": {
    "atl_type": "distributed",
    "seed": 42,
    "temperature": 0.2,
    "n_concepts": 200,
    "visual_input_size": 56,
    "held_out_color": "green"
  },
  "training": {
    "binding_qualities": [
      0.6805681201815605,
      0.680146813839674,
      0.6797437697649003,
      0.6793398085981608,
      0.6789409505575895,
      0.6785354369878769,
      0.6781600769609213,
      0.6777878964692354,
      0.6774356064200401,
      0.6771196466684342
    ],
    "kl_divergences": [
      0.40144793191924694,
      0.40171609494835137,
      0.4019874235987663,
      0.40224302288144825,
      0.40252203872427345,
      0.4027888899669051,
      0.4030461535975337,
      0.40329539239406587,
      0.40353614060208204,
      0.40374807864427564
    ]
  },
  "evaluation": {
    "train_pattern_similarity": 0.6769556090980768,
    "held_out_pattern_similarity": 0.6785834482312203,
    "gap": -0.0016278391331434605
  },
  "stats": {
    "active_concepts": 140,
    "activation_entropy": 4.342855453491211,
    "mean_lr": 0.007873534224927425
  }
}