{
  "run_id": "seed42_20260127_235853",
  "config": {
    "atl_type": "distributed",
    "seed": 42,
    "temperature": 0.2,
    "n_concepts": 200,
    "visual_input_size": 56,
    "held_out_color": "green"
  },
  "training": {
    "binding_qualities": [
      0.6005046954751014,
      0.5786980929225684,
      0.5646060501039029,
      0.5574618913978339,
      0.5540935304015875,
      0.552547549456358,
      0.551846511811018,
      0.5515301939100027,
      0.5513872991502285,
      0.5513229966908694
    ],
    "kl_divergences": [
      0.5022720877826213,
      0.5147477160394192,
      0.5232254340499639,
      0.5274669472873211,
      0.5294476477056742,
      0.5303529892116785,
      0.53076321400702,
      0.5309479257464409,
      0.531031370088458,
      0.5310687878727913
    ]
  },
  "evaluation": {
    "train_pattern_similarity": 0.5513049172610045,
    "held_out_pattern_similarity": 0.5536332374811173,
    "gap": -0.002328320220112756
  },
  "stats": {
    "active_concepts": 6,
    "activation_entropy": 1.760805368423462,
    "mean_lr": 0.009700124152004719
  }
}