{
  "run_id": "seed0_20260128_000247",
  "config": {
    "atl_type": "distributed",
    "seed": 0,
    "temperature": 0.2,
    "n_concepts": 200,
    "visual_input_size": 56,
    "held_out_color": "green"
  },
  "training": {
    "binding_qualities": [
      0.6881607269495725,
      0.6863658049702644,
      0.6848020668327809,
      0.6835012827068567,
      0.6823966085165739,
      0.6814566849172116,
      0.6806719644367695,
      0.6800151742994786,
      0.6794080676883459,
      0.6788910100609065
    ],
    "kl_divergences": [
      0.38195687528699634,
      0.3834241109713912,
      0.3847039433196187,
      0.3857634211704135,
      0.38666213050484655,
      0.38741058852523563,
      0.3880569487065077,
      0.38859457571059464,
      0.38908625949174164,
      0.38950951643288134
    ]
  },
  "evaluation": {
    "train_pattern_similarity": 0.6786594650149346,
    "held_out_pattern_similarity": 0.6674492840468883,
    "gap": 0.011210180968046268
  },
  "stats": {
    "active_concepts": 103,
    "activation_entropy": 3.9022586345672607,
    "mean_lr": 0.00813892763108015
  }
}