{
  "run_id": "seed456_20260128_000015",
  "config": {
    "atl_type": "distributed",
    "seed": 456,
    "temperature": 0.2,
    "n_concepts": 200,
    "visual_input_size": 56,
    "held_out_color": "green"
  },
  "training": {
    "binding_qualities": [
      0.6844280924648046,
      0.6802214275300503,
      0.6768049239367246,
      0.6743155189603567,
      0.6724736344069242,
      0.6711292529851198,
      0.6701930819451809,
      0.6695572134852409,
      0.669126799032092,
      0.6688445630669594
    ],
    "kl_divergences": [
      0.3863110492378473,
      0.3899793554097414,
      0.3930876860767603,
      0.3954185042157769,
      0.39721482671797276,
      0.3985486442223191,
      0.39950962383300065,
      0.40016880486160517,
      0.40061895694583655,
      0.4009229503199458
    ]
  },
  "evaluation": {
    "train_pattern_similarity": 0.668749144077301,
    "held_out_pattern_similarity": 0.6127616032958031,
    "gap": 0.055987540781497924
  },
  "stats": {
    "active_concepts": 84,
    "activation_entropy": 3.82252836227417,
    "mean_lr": 0.0078809205442667
  }
}