{
  "run_id": "seed456_20260128_000455",
  "config": {
    "atl_type": "distributed",
    "seed": 456,
    "temperature": 0.2,
    "n_concepts": 200,
    "visual_input_size": 56,
    "held_out_color": "green"
  },
  "training": {
    "binding_qualities": [
      0.7061519339680672,
      0.7051761364191771,
      0.7042909839004278,
      0.7034304382652045,
      0.70264304921031,
      0.7019594576209783,
      0.7013119615614414,
      0.7007578075677157,
      0.7002666638046503,
      0.6998366723954678
    ],
    "kl_divergences": [
      0.35972641633823516,
      0.36071868989616634,
      0.3616006458550692,
      0.36243712075054646,
      0.36320920193567874,
      0.3638834763504565,
      0.3645247606188059,
      0.3650605927407742,
      0.36555129462853075,
      0.3659716683253646
    ]
  },
  "evaluation": {
    "train_pattern_similarity": 0.6996375973522663,
    "held_out_pattern_similarity": 0.6984831513464451,
    "gap": 0.0011544460058211525
  },
  "stats": {
    "active_concepts": 137,
    "activation_entropy": 4.283847808837891,
    "mean_lr": 0.007724355906248093
  }
}