{
  "run_id": "seed123_20260128_000412",
  "config": {
    "atl_type": "distributed",
    "seed": 123,
    "temperature": 0.2,
    "n_concepts": 200,
    "visual_input_size": 56,
    "held_out_color": "green"
  },
  "training": {
    "binding_qualities": [
      0.6924345382303,
      0.6901737102121115,
      0.6881233163177967,
      0.686299759671092,
      0.6847645101696253,
      0.6834830945730209,
      0.6824042803794146,
      0.6815156424045563,
      0.6807649315148592,
      0.6801488403230905
    ],
    "kl_divergences": [
      0.3673214470222592,
      0.3690289929695427,
      0.3706818034686148,
      0.37219872971996665,
      0.37350638819858434,
      0.3746405083872378,
      0.3756088475510478,
      0.3764407970942557,
      0.37715664714574815,
      0.3777628739923239
    ]
  },
  "evaluation": {
    "train_pattern_similarity": 0.6798777645826339,
    "held_out_pattern_similarity": 0.625706365853548,
    "gap": 0.05417139872908594
  },
  "stats": {
    "active_concepts": 137,
    "activation_entropy": 4.297060489654541,
    "mean_lr": 0.007634202018380165
  }
}