{
  "run_id": "20260127_234739",
  "config": {
    "atl_type": "distributed",
    "temperature": 0.1,
    "n_concepts": 200,
    "visual_input_size": 56,
    "held_out_color": "green"
  },
  "training": {
    "binding_qualities": [
      0.2766649938374758,
      0.27434640519320963,
      0.28824985137209297,
      0.3068073820974678,
      0.32064099598675966,
      0.32700897254049777,
      0.32868085893802346,
      0.3277892172988504,
      0.3260804955009371,
      0.3244289621245116
    ],
    "kl_divergences": [
      1.4433768261969089,
      1.4981817429512738,
      1.5397631232440472,
      1.5657398491352796,
      1.5785939670354128,
      1.5847287522256375,
      1.5869628520309924,
      1.5870651836693286,
      1.5858425340801476,
      1.5838237034529448
    ]
  },
  "evaluation": {
    "train_pattern_similarity": 0.3237781247496605,
    "held_out_pattern_similarity": 0.20148863999173044,
    "gap": 0.12228948475793006
  },
  "stats": {
    "active_concepts": 116,
    "activation_entropy": 3.7285284996032715,
    "mean_lr": 0.00718779256567359
  }
}