{
  "run_id": "seed0_20260127_235812",
  "config": {
    "atl_type": "distributed",
    "seed": 0,
    "temperature": 0.2,
    "n_concepts": 200,
    "visual_input_size": 56,
    "held_out_color": "green"
  },
  "training": {
    "binding_qualities": [
      0.6935223821550608,
      0.6908298452943563,
      0.6885647329688073,
      0.6866044829785823,
      0.6848976297676563,
      0.6834031680971384,
      0.6820971705764532,
      0.6810162556916475,
      0.6801493264734745,
      0.6794587802141905
    ],
    "kl_divergences": [
      0.37800789330154655,
      0.380182017236948,
      0.3820952955260873,
      0.3838032320141792,
      0.3853245203197002,
      0.38667466688901186,
      0.38787376280874014,
      0.38887136805802586,
      0.38967885978519917,
      0.3903389197587967
    ]
  },
  "evaluation": {
    "train_pattern_similarity": 0.6791498067229986,
    "held_out_pattern_similarity": 0.7035722506046295,
    "gap": -0.02442244388163084
  },
  "stats": {
    "active_concepts": 85,
    "activation_entropy": 3.7811439037323,
    "mean_lr": 0.008081763982772827
  }
}