{
  "run_id": "seed999_20260128_000058",
  "config": {
    "atl_type": "distributed",
    "seed": 999,
    "temperature": 0.2,
    "n_concepts": 200,
    "visual_input_size": 56,
    "held_out_color": "green"
  },
  "training": {
    "binding_qualities": [
      0.6453842397034169,
      0.6308437091857195,
      0.6237250707298517,
      0.6205037800967693,
      0.6190655728429556,
      0.6184230214357376,
      0.6181353680044412,
      0.6180061767995357,
      0.6179477171599865,
      0.6179213906824589
    ],
    "kl_divergences": [
      0.4329810431227088,
      0.44030969362705946,
      0.44378605611622335,
      0.44535313989967107,
      0.44605420853942634,
      0.4463677517324686,
      0.44650817461311815,
      0.44657139539718627,
      0.4466001721099019,
      0.446613059155643
    ]
  },
  "evaluation": {
    "train_pattern_similarity": 0.6179141382873058,
    "held_out_pattern_similarity": 0.6175665523111821,
    "gap": 0.000347585976123721
  },
  "stats": {
    "active_concepts": 8,
    "activation_entropy": 2.046643018722534,
    "mean_lr": 0.009599785320460796
  }
}