{
  "run_id": "20260127_234931",
  "config": {
    "atl_type": "distributed",
    "temperature": 0.2,
    "n_concepts": 200,
    "visual_input_size": 56,
    "held_out_color": "green"
  },
  "training": {
    "binding_qualities": [
      0.7138208183646202,
      0.7111764601618051,
      0.7087873079627752,
      0.70696827955544,
      0.7057147334516048,
      0.7049485023319721,
      0.7044999389350415,
      0.7042959473282099,
      0.7042254441976548,
      0.7042332061380148
    ],
    "kl_divergences": [
      0.3464622721634805,
      0.34806133000180123,
      0.34947439247742296,
      0.3505453137308359,
      0.3512973534502089,
      0.3517754014953971,
      0.3520798743329942,
      0.352234872803092,
      0.3523133993521333,
      0.3523436091467738
    ]
  },
  "evaluation": {
    "train_pattern_similarity": 0.7042623384296894,
    "held_out_pattern_similarity": 0.731697672456503,
    "gap": -0.02743533402681353
  },
  "stats": {
    "active_concepts": 81,
    "activation_entropy": 3.7422380447387695,
    "mean_lr": 0.008168909698724747
  }
}