{
  "run_id": "seed123_20260127_235934",
  "config": {
    "atl_type": "distributed",
    "seed": 123,
    "temperature": 0.2,
    "n_concepts": 200,
    "visual_input_size": 56,
    "held_out_color": "green"
  },
  "training": {
    "binding_qualities": [
      0.7405211482197046,
      0.743621396496892,
      0.7454927043616771,
      0.7464613792300224,
      0.7469264962524176,
      0.7471417651325464,
      0.7472395066916943,
      0.7472838143259287,
      0.7473034866899252,
      0.747312068939209
    ],
    "kl_divergences": [
      0.3381114859879017,
      0.33705604083836077,
      0.33646120816469194,
      0.3361591104418039,
      0.3360155708342791,
      0.33594938322901724,
      0.3359194548428059,
      0.33590583235025406,
      0.3358998881280422,
      0.33589742619544266
    ]
  },
  "evaluation": {
    "train_pattern_similarity": 0.7473145642131567,
    "held_out_pattern_similarity": 0.7459410133957863,
    "gap": 0.0013735508173703392
  },
  "stats": {
    "active_concepts": 5,
    "activation_entropy": 1.6046299934387207,
    "mean_lr": 0.009750091470777988
  }
}