{
  "timestamp": "2026-01-28T21:35:25.892520",
  "device": "cuda",
  "phases": {
    "visual": {
      "losses": [
        0.0812192612224155,
        0.04154371590250068,
        0.029551566474967532,
        0.02252966620855861,
        0.0192441931201352,
        0.01722350041899416,
        0.01459403880354431,
        0.011917238910165098,
        0.00996915093726582,
        0.008923534697128668,
        0.008105907889289988,
        0.0077201740402314395,
        0.007382838003751304,
        0.007098335669272476,
        0.006818547855234809
      ],
      "discriminability": [
        0.1405470371246338,
        0.1466665267944336,
        0.22294241189956665,
        0.22870725393295288,
        0.23749148845672607
      ]
    },
    "language": {
      "losses": [
        0.23262032827845328,
        0.14468351917134392,
        0.14011565800066347,
        0.138383320360272,
        0.13661680425758715,
        0.1364094251283893,
        0.1358687217588778,
        0.13495317062845938,
        0.135355643817672,
        0.13497428827815586,
        0.13408879030633855,
        0.1338612265608929,
        0.13317764147564218,
        0.13317198350473686,
        0.13266836001917168
      ],
      "alignment": [
        0.9100818634033203,
        0.9017701745033264,
        0.8982925282584296,
        0.9100806845559014,
        0.93986001279619
      ]
    },
    "prediction": {
      "losses": [
        0.1562166137831648,
        0.05721494781293182,
        0.03887132908243479,
        0.03415911933203461,
        0.03100405757380132,
        0.03044258412576811,
        0.030316080173490467,
        0.03027830077635978,
        0.029617209553511607,
        0.030756687229538025,
        0.03084486943621111,
        0.029949075022983985,
        0.029348834825634388,
        0.029628094279162017,
        0.030195491090675607,
        0.02878784030003266,
        0.028837323829389385,
        0.029399734975304456,
        0.029020242235015353,
        0.028847924843495194,
        0.029645077909549906,
        0.028619281093350664,
        0.028745029631407102,
        0.028970745182725497,
        0.028765751528100937,
        0.027928173665293595,
        0.029595349743322005,
        0.028309006224088887,
        0.027594646516210762,
        0.027389965146754142
      ],
      "prediction_accuracy": [
        1.0,
        1.0,
        1.0,
        1.0,
        1.0,
        1.0
      ],
      "cos_sim": [
        0.9296532844172584,
        0.9322483897209167,
        0.9306037636597951,
        0.9199837569395701,
        0.9350250750117832,
        0.9369583053059048
      ]
    }
  },
  "final_evaluation": {
    "mean_cos_sim": 0.9310388520028856,
    "mean_topk_overlap": 0.722,
    "accuracy": 0.9994444444444445
  },
  "object_permanence": {
    "recall_accuracy": 0.9882870626449585,
    "during_occlusion_sim": 0.9843136119842529,
    "permanence_score": 0.9882870626449585,
    "passed": 