{
  "timestamp": "2026-01-28T21:42:14.843029",
  "device": "cuda",
  "phases": {
    "visual": {
      "losses": [
        0.06945102132029003,
        0.040626862231228085,
        0.030491679865452977,
        0.023470552348428302,
        0.019299520800511043,
        0.015482418239116669,
        0.013594383787777688,
        0.012218363769352435,
        0.010658079033924473,
        0.00935270098141498,
        0.008221492885301511,
        0.007852790452953841,
        0.007499840400285191,
        0.007288270547158188,
        0.006977835514893134
      ],
      "discriminability": [
        0.14979594945907593,
        0.2084241509437561,
        0.26748859882354736,
        0.27829211950302124,
        0.29178178310394287
      ]
    },
    "language": {
      "losses": [
        0.24218901682783056,
        0.1594664200588509,
        0.1550292844021762,
        0.15421932014050307,
        0.15315621638739552,
        0.15262263665596645,
        0.15078424209797825,
        0.15110119697120455,
        0.1504246570997768,
        0.15095368127028147,
        0.14966410630279117,
        0.14966586728890738,
        0.14884454298902441,
        0.14867168411060616,
        0.14808589849207138
      ],
      "alignment": [
        0.8840881122483147,
        0.8660103546248542,
        0.8576081262694465,
        0.8920028077231513,
        0.8542576101091173
      ]
    },
    "prediction": {
      "losses": [
        0.1536051638446386,
        0.07576979130506516,
        0.05477997030312609,
        0.04708832102459079,
        0.041163398668868464,
        0.03708347953299785,
        0.03574826449498586,
        0.03491151097039821,
        0.033654569545340365,
        0.03337046505310961,
        0.03324208356931599,
        0.03312916143971961,
        0.03239973351854133,
        0.03174259410026328,
        0.03240286107175052,
        0.03213273737970869,
        0.03153308462105795,
        0.030949065983942193,
        0.03149169518997143,
        0.03090575336966948,
        0.030701030267551284,
        0.030850556381240797,
        0.030607530952418326,
        0.030413135360415455,
        0.02985989869646599,
        0.030320154884312715,
        0.030112075164506678,
        0.030551761696309163,
        0.03040677714281224,
        0.02982369753043814
      ],
      "prediction_accuracy": [
        1.0,
        1.0,
        1.0,
        1.0,
        1.0,
        1.0
      ],
      "cos_sim": [
        0.922694419225057,
        0.9040880816512638,
        0.9246475825044844,
        0.9274411857128143,
        0.9356568796104855,
        0.9479011291927761
      ]
    }
  },
  "final_evaluation": {
    "mean_cos_sim": 0.945902161233955,
    "mean_topk_overlap": 0.7453888888888889,
    "accuracy": 1.0
  },
  "object_permanence": {
    "recall_accuracy": 0.9739997804164886,
    "during_occlusion_sim": 0.9718761479854584,
    "permanence_score": 0.9739997804164886,
    "passed": true
  },
  "imagination": {
    "mean_quality": 0.07537509610255559,
    "all_qualities": [
      0.06178412089745204,
      0.06844464441140494,
      0.0322529599070549,
      0.1129394993185997,
      0.13082125037908554,
      0.06882147987683615,
      0.2618885561823845,
      0.05241447687149048,
      0.05199586351712544,
      0.01653539886077245,
      0.029808988173802696,
      0.05558597296476364,
      0.020128356913725533,
      0.07263848185539246,
      0.04089923451344172,
      0.08002758274475733,
      0.042372663815816246,
      0.09600913027922311,
      0.07805978010098139,
      0.08986681948105493,
      0.03684874872366588,
      0.12042160083850224,
      0.049149349331855774,
      0.06345432748397192,
      0.07520928482214609,
      0.03155687699715296,
      0.06486503779888153,
      0.11714584877093634,
      0.11250259727239609,
      0.050932755072911576,
      0.08565926055113475,
      0.04577767103910446,
      0.06556339810291925,
      0.03902814040581385,
      0.15056644876797992,
      0.052907221019268036,
      0.03184742480516434,
      0.05429066965977351,
      0.08239363133907318,
      0.08877292523781458,
      0.05136228849490483,
      0.10739719122648239,
      0.05725504457950592,
      0.03233982374270757,
      0.02770441770553589,
      0.02958314617474874,
      0.057257426281770066,
      0.05740361660718918,
      0.01955883949995041,
      0.04548125962416331,
      0.04147312541802724,
      0.207928828895092,
      0.05795800189177196,
      0.048983516792456314,
      0.024792385598023735,
      0.07141925394535065,
      0.12726233651240665,
      0.03139069924751917,
      0.13044390330712002,
      0.05058375994364421,
      0.1498948335647583,
      0.1368665223320325,
      0.030868152777353924,
      0.04935584217309952,
      0.040062094728151955,
      0.13116127252578735,
      0.06260126084089279,
      0.0553741529583931,
      0.04290047039588293,
      0.0977980320652326,
      0.1551930035154025,
      0.05908575654029846,
      0.05776794254779816,
      0.029945587118466697,
      0.06784247358640036,
      0.06587925553321838,
      0.2139250660936038,
      0.0611949364344279,
      0.04003450274467468,
      0.11222492655118307,
      0.037059838573137924,
      0.1894979178905487,
      0.13008350878953934,
      0.045451785127321884,
      0.018951180080572765,
      0.14794010420640308,
      0.04359770069519679,
      0.0302193413178126,
      0.03480511407057444,
      0.14647650967041653,
      0.14417839795351028,
      0.050904671351114913,
      0.04907212654749553,
      0.02975650131702423,
      0.08948130657275519,
      0.1136933962504069,
      0.032870280245939895,
      0.10873916248480478,
      0.07010046889384587,
      0.20488686859607697
    ]
  },
  "elapsed_seconds": 369.1522333621979
}